TDSFU Daily run: Mon Oct 27 13:17:49 UTC 2025 TDSFU
TDSFU Daily run: Tue Oct 28 04:35:19 UTC 2025 TDSFU
TDSFU Daily run: Wed Oct 29 04:40:48 UTC 2025 TDSFU
TDSFU Daily run: Thu Oct 30 04:34:44 UTC 2025 TDSFU
TDSFU Daily run: Fri Oct 31 04:37:06 UTC 2025 TDSFU
TDSFU Daily run: Sat Nov  1 04:32:59 UTC 2025 TDSFU
TDSFU Daily run: Sun Nov  2 04:34:46 UTC 2025 TDSFU
TDSFU Daily run: Mon Nov  3 04:41:41 UTC 2025 TDSFU
TDSFU Daily run: Tue Nov  4 04:35:15 UTC 2025 TDSFU
TDSFU Daily run: Wed Nov  5 04:35:28 UTC 2025 TDSFU
TDSFU Daily run: Thu Nov  6 04:41:03 UTC 2025 TDSFU
TDSFU Daily run: Fri Nov  7 04:34:59 UTC 2025 TDSFU
TDSFU Daily run: Sat Nov  8 04:33:49 UTC 2025 TDSFU
